{
  "page": 1,
  "coords": {
    "1:1:1": {
      "h": {
        "x": 4.0,
        "y": 365.20162200927734,
        "w": 890.0,
        "h": 160.42413330078125
      }
    },
    "1:2:1": {
      "h": {
        "x": 637,
        "y": 91,
        "w": 257,
        "h": 21
      }
    },
    "1:2:2": {
      "h": {
        "x": 579,
        "y": 92,
        "w": 20,
        "h": 20
      }
    },
    "1:2:3": {
      "h": {
        "x": 558,
        "y": 92,
        "w": 21,
        "h": 20
      }
    },
    "1:2:4": {
      "h": {
        "x": 518,
        "y": 91,
        "w": 28,
        "h": 18
      }
    },
    "1:3:1": {
      "h": {
        "x": 606,
        "y": 112,
        "w": 288,
        "h": 76
      }
    },
    "1:3:2": {
      "h": {
        "x": 555,
        "y": 152,
        "w": 46,
        "h": 18
      }
    },
    "1:4:1": {
      "h": {
        "x": 487,
        "y": 112,
        "w": 29,
        "h": 42
      },
      "p": {
        "x": 487,
        "y": 173,
        "w": 39,
        "h": 12
      },
      "o": {
        "x": 910,
        "y": 127,
        "w": 400,
        "h": 12
      }
    },
    "1:4:2": {
      "h": {
        "x": 481,
        "y": 112,
        "w": 125,
        "h": 61
      }
    },
    "1:4:3": {
      "h": {
        "x": 409,
        "y": 112,
        "w": 58,
        "h": 56
      }
    },
    "1:5:1": {
      "h": {
        "x": 830,
        "y": 188,
        "w": 64,
        "h": 15
      }
    },
    "1:5:2": {
      "h": {
        "x": 826,
        "y": 188,
        "w": 15,
        "h": 15
      }
    },
    "1:5:3": {
      "h": {
        "x": 804,
        "y": 188,
        "w": 24,
        "h": 15
      }
    },
    "1:5:4": {
      "h": {
        "x": 657,
        "y": 188,
        "w": 156,
        "h": 15
      }
    },
    "1:6:1": {
      "h": {
        "x": 599,
        "y": 188,
        "w": 76,
        "h": 15
      }
    },
    "1:6:2": {
      "h": {
        "x": 88,
        "y": 268,
        "w": 24,
        "h": 12
      },
      "p": {
        "x": 88,
        "y": 265,
        "w": 34,
        "h": 12
      },
      "o": {
        "x": 910,
        "y": 233,
        "w": 400,
        "h": 12
      }
    },
    "1:6:3": {
      "h": {
        "x": 4,
        "y": 203,
        "w": 890,
        "h": 77
      }
    },
    "1:7:4": {
      "h": {
        "x": 827,
        "y": 282,
        "w": 15,
        "h": 13
      }
    },
    "1:7:5": {
      "h": {
        "x": 641,
        "y": 280,
        "w": 14,
        "h": 15
      }
    },
    "1:7:6": {
      "h": {
        "x": 623,
        "y": 280,
        "w": 16,
        "h": 15
      }
    },
    "1:7:7": {
      "h": {
        "x": 607,
        "y": 280,
        "w": 16,
        "h": 15
      }
    },
    "1:7:8": {
      "h": {
        "x": 647,
        "y": 295,
        "w": 195,
        "h": 62
      }
    },
    "1:7:9": {
      "h": {
        "x": 576,
        "y": 295,
        "w": 62,
        "h": 60
      }
    }
  }
}