{
  "page": 2,
  "coords": {
    "2:1:1": {
      "h": {
        "x": 650,
        "y": 91,
        "w": 244,
        "h": 21
      },
      "p": {
        "x": 650,
        "y": 97,
        "w": 254,
        "h": 12
      }
    },
    "2:2:1": {
      "h": {
        "x": 638,
        "y": 91,
        "w": 19,
        "h": 21
      }
    },
    "2:2:2": {
      "h": {
        "x": 562,
        "y": 95,
        "w": 15,
        "h": 17
      }
    },
    "2:2:3": {
      "h": {
        "x": 537,
        "y": 96,
        "w": 21,
        "h": 16
      },
      "p": {
        "x": 537,
        "y": 97,
        "w": 31,
        "h": 12
      }
    },
    "2:2:4": {
      "h": {
        "x": 496,
        "y": 95,
        "w": 28,
        "h": 17
      }
    },
    "2:2:5": {
      "h": {
        "x": 446,
        "y": 94,
        "w": 15,
        "h": 18
      }
    },
    "2:2:6": {
      "h": {
        "x": 430,
        "y": 94,
        "w": 15,
        "h": 18
      }
    },
    "2:2:7": {
      "h": {
        "x": 613.0,
        "y": -47.344383239746094,
        "w": 281.0,
        "h": 235.3443832397461
      }
    },
    "2:3:1": {
      "h": {
        "x": 543,
        "y": 112,
        "w": 26,
        "h": 17
      }
    },
    "2:3:2": {
      "h": {
        "x": 533,
        "y": 157,
        "w": 46,
        "h": 18
      }
    },
    "2:3:3": {
      "h": {
        "x": 465,
        "y": 112,
        "w": 29,
        "h": 44
      }
    },
    "2:3:4": {
      "h": {
        "x": 458,
        "y": 112,
        "w": 127,
        "h": 63
      }
    },
    "2:3:5": {
      "h": {
        "x": 407,
        "y": 121,
        "w": 27,
        "h": 17
      }
    },
    "2:3:6": {
      "h": {
        "x": 827,
        "y": 188,
        "w": 67,
        "h": 15
      }
    },
    "2:3:7": {
      "h": {
        "x": 603,
        "y": 188,
        "w": 226,
        "h": 15
      }
    },
    "2:3:8": {
      "h": {
        "x": 70,
        "y": 188,
        "w": 226,
        "h": 15
      }
    },
    "2:4:1": {
      "h": {
        "x": 7,
        "y": 188,
        "w": 65,
        "h": 15
      }
    },
    "2:4:5": {
      "h": {
        "x": 7,
        "y": 203,
        "w": 887,
        "h": 77
      }
    },
    "2:5:1": {
      "h": {
        "x": 440.22265625,
        "y": 280.0,
        "w": 189.22662353515625,
        "h": 210.8254623413086
      }
    },
    "2:5:2": {
      "h": {
        "x": 564,
        "y": 280,
        "w": 15,
        "h": 15
      }
    },
    "2:5:3": {
      "h": {
        "x": 547,
        "y": 280,
        "w": 16,
        "h": 15
      }
    },
    "2:5:4": {
      "h": {
        "x": 502,
        "y": 280,
        "w": 16,
        "h": 15
      }
    },
    "2:5:5": {
      "h": {
        "x": 484,
        "y": 280,
        "w": 16,
        "h": 15
      }
    },
    "2:5:6": {
      "h": {
        "x": 428,
        "y": 280,
        "w": 30,
        "h": 15
      }
    },
    "2:5:7": {
      "h": {
        "x": 592,
        "y": 295,
        "w": 194,
        "h": 65
      }
    },
    "2:5:8": {
      "h": {
        "x": 430.0393371582031,
        "y": 295.0,
        "w": 148.96066284179688,
        "h": 564.7980575561523
      }
    }
  }
}